rank,county,state,fips,prospects_combined,prospects_cmu,prospects_hotchkiss,cumulative_pct
1,Allegheny,PA,42003,13043,13012,31,12.71
2,Santa Clara,CA,06085,6009,5950,59,18.56
3,New York,NY,36061,4043,2992,1051,22.5
4,King,WA,53033,3540,3440,100,25.95
5,Los Angeles,CA,06037,2751,2483,268,28.63
6,Middlesex,MA,25017,2280,2020,260,30.85
7,City and County of San Francisco,CA,06075,2090,1922,168,32.88
8,Alameda,CA,06001,1828,1763,65,34.66
9,San Mateo,CA,06081,1743,1687,56,36.36
10,Kings,NY,36047,1533,1265,268,37.85
11,Cook,IL,17031,1469,1305,164,39.29
12,Montgomery,MD,24031,1309,1214,95,40.56
13,Fairfax,VA,51059,1275,1215,60,41.8
14,District of Columbia,DC,11001,1175,1006,169,42.95
15,Hudson,NJ,34017,1111,1080,31,44.03
16,Western Connecticut,CT,09190,1048,528,520,45.05
17,Westchester,NY,36119,1003,723,280,46.03
18,Westmoreland,PA,42129,933,928,5,46.94
19,San Diego,CA,06073,932,876,56,47.84
20,Queens,NY,36081,929,835,94,48.75
21,Harris,TX,48201,858,769,89,49.59
22,Travis,TX,48453,795,733,62,50.36
23,Orange,CA,06059,785,738,47,51.12
24,Bergen,NJ,34003,711,628,83,51.82
25,Butler,PA,42019,667,665,2,52.47
26,Montgomery,PA,42091,648,606,42,53.1
27,Nassau,NY,36059,626,508,118,53.71
28,Washington,PA,42125,612,611,1,54.3
29,Philadelphia,PA,42101,600,545,55,54.89
30,Maricopa,AZ,04013,588,549,39,55.46
31,Essex,NJ,34013,579,521,58,56.03
32,Norfolk,MA,25021,578,461,117,56.59
33,Contra Costa,CA,06013,567,538,29,57.14
34,Wake,NC,37183,558,517,41,57.68
35,Suffolk,MA,25025,554,441,113,58.22
36,Fulton,GA,13121,554,480,74,58.76
37,Oakland,MI,26125,498,484,14,59.25
38,Dallas,TX,48113,490,438,52,59.73
39,Palm Beach,FL,12099,480,344,136,60.19
40,Cuyahoga,OH,39035,476,457,19,60.66
41,Arlington,VA,51013,463,439,24,61.11
42,Capitol Region,CT,09110,461,312,149,61.56
43,Miami-Dade,FL,12086,460,371,89,62.01
44,Middlesex,NJ,34023,432,423,9,62.43
45,Delaware,PA,42045,423,378,45,62.84
46,Mecklenburg,NC,37119,416,358,58,63.24
47,Mercer,NJ,34021,414,356,58,63.65
48,Chester,PA,42029,402,374,28,64.04
49,Suffolk,NY,36103,398,300,98,64.43
50,Multnomah,OR,41051,382,344,38,64.8
51,Morris,NJ,34027,373,333,40,65.16
52,Howard,MD,24027,368,352,16,65.52
53,Loudoun,VA,51107,364,344,20,65.88
54,Somerset,NJ,34035,362,336,26,66.23
55,Franklin,OH,39049,354,338,16,66.57
56,Bucks,PA,42017,351,341,10,66.91
57,Denver,CO,08031,346,274,72,67.25
58,Collin,TX,48085,338,332,6,67.58
59,Essex,MA,25009,337,266,71,67.91
60,Northwest Hills,CT,09160,335,25,310,68.24
61,Boulder,CO,08013,328,280,48,68.55
62,Hennepin,MN,27053,318,277,41,68.86
63,Snohomish,WA,53061,301,296,5,69.16
64,South Central Regional,CT,09170,300,191,109,69.45
65,Union,NJ,34039,298,272,26,69.74
66,Anne Arundel,MD,24003,296,269,27,70.03
67,Monmouth,NJ,34025,288,255,33,70.31
68,Broward,FL,12011,287,265,22,70.59
69,Washington,OR,41067,276,263,13,70.86
70,Marin,CA,06041,273,197,76,71.12
71,Williamson,TX,48491,268,262,6,71.38
72,Monroe,NY,36055,268,245,23,71.65
73,Baltimore (city),MD,24510,267,245,22,71.91
74,Baltimore,MD,24005,263,248,15,72.16
75,DuPage,IL,17043,259,238,21,72.41
76,Beaver,PA,42007,245,245,0,72.65
77,Lake,IL,17097,244,200,44,72.89
78,Washtenaw,MI,26161,237,226,11,73.12
79,Worcester,MA,25027,232,206,26,73.35
80,Clark,NV,32003,230,211,19,73.57
81,Wayne,MI,26163,220,192,28,73.79
82,Orange,FL,12095,215,199,16,74.0
83,Hamilton,OH,39061,206,191,15,74.2
84,Dutchess,NY,36027,206,106,100,74.4
85,New Castle,DE,10003,204,182,22,74.6
86,Dane,WI,55025,204,193,11,74.79
87,Prince George's,MD,24033,203,190,13,74.99
88,Jefferson,CO,08059,202,182,20,75.19
89,City of Alexandria,VA,51510,191,167,24,75.37
90,Hillsborough,FL,12057,186,169,17,75.56
91,Orange,NC,37135,182,170,12,75.73
92,St. Louis,MO,29189,178,156,22,75.91
93,Summit,OH,39153,177,173,4,76.08
94,Tarrant,TX,48439,177,166,11,76.25
95,Cobb,GA,13067,174,164,10,76.42
96,Erie,NY,36029,172,165,7,76.59
97,Pinellas,FL,12103,170,152,18,76.75
98,Pima,AZ,04019,169,155,14,76.92
99,Durham,NC,37063,166,148,18,77.08
100,DeKalb,GA,13089,160,135,25,77.24
101,Bronx,NY,36005,157,103,54,77.39
102,Salt Lake,UT,49035,156,140,16,77.54
103,Connecticut Metropolitan,CT,09120,155,89,66,77.69
104,Bernalillo,NM,35001,154,145,9,77.84
105,Lancaster,PA,42071,153,147,6,77.99
106,Charleston,SC,45019,153,115,38,78.14
107,Gwinnett,GA,13135,151,142,9,78.29
108,Cumberland,ME,23005,149,90,59,78.43
109,Ventura,CA,06111,149,133,16,78.58
110,Sarasota,FL,12115,148,128,20,78.72
111,Sacramento,CA,06067,147,130,17,78.87
112,Collier,FL,12021,144,117,27,79.01
113,Davidson,TN,47037,144,123,21,79.15
114,Denton,TX,48121,141,129,12,79.28
115,Honolulu,HI,15003,140,129,11,79.42
116,Bexar,TX,48029,139,110,29,79.55
117,Arapahoe,CO,08005,139,113,26,79.69
118,Plymouth,MA,25023,136,97,39,79.82
119,Riverside,CA,06065,135,125,10,79.95
120,Hillsborough,NH,33011,134,119,15,80.08
121,Cumberland,PA,42041,134,128,6,80.22
122,Lehigh,PA,42077,133,130,3,80.34
123,Rockingham,NH,33015,132,109,23,80.47
124,Fort Bend,TX,48157,128,120,8,80.6
125,Lee,FL,12071,128,108,20,80.72
126,Douglas,CO,08035,128,119,9,80.85
127,Barnstable,MA,25001,128,89,39,80.97
128,El Paso,CO,08041,126,118,8,81.09
129,Centre,PA,42027,126,124,2,81.22
130,Frederick,MD,24021,123,118,5,81.34
131,Camden,NJ,34007,123,120,3,81.46
132,Providence,RI,44007,121,92,29,81.58
133,Northampton,PA,42095,120,115,5,81.69
134,Fairfax (city),VA,51600,118,114,4,81.81
135,Santa Barbara,CA,06083,118,93,25,81.92
136,Albany,NY,36001,117,90,27,82.04
137,Chittenden,VT,50007,117,79,38,82.15
138,Burlington,NJ,34005,114,105,9,82.26
139,Saint Johns,FL,12109,114,95,19,82.37
140,Hunterdon,NJ,34019,112,101,11,82.48
141,Sonoma,CA,06097,110,89,21,82.59
142,Brevard,FL,12009,109,104,5,82.69
143,Manatee,FL,12081,107,100,7,82.8
144,Lower Connecticut River Valley,CT,09130,107,72,35,82.9
145,Ramsey,MN,27123,105,95,10,83.01
146,Santa Cruz,CA,06087,105,98,7,83.11
147,Dauphin,PA,42043,104,102,2,83.21
148,Santa Fe,NM,35049,104,77,27,83.31
149,Larimer,CO,08069,104,99,5,83.41
150,Hampshire,MA,25015,101,70,31,83.51
151,Montgomery,TX,48339,100,97,3,83.61
152,Erie,PA,42049,99,97,2,83.7
153,Montgomery,OH,39113,99,92,7,83.8
154,Naugatuck Valley,CT,09140,97,46,51,83.89
155,Berkshire,MA,25003,95,40,55,83.99
156,Shelby,TN,47157,93,75,18,84.08
157,Greenville,SC,45045,93,86,7,84.17
158,Onondaga,NY,36067,93,75,18,84.26
159,Delaware,OH,39041,92,87,5,84.35
160,Buncombe,NC,37021,91,74,17,84.44
161,Milwaukee,WI,55079,90,78,12,84.52
162,San Bernardino,CA,06071,90,85,5,84.61
163,Jefferson,KY,21111,89,75,14,84.7
164,Tompkins,NY,36109,89,79,10,84.79
165,Hamilton,IN,18057,88,84,4,84.87
166,Williamson,TN,47187,87,79,8,84.96
167,Prince William,VA,51153,86,86,0,85.04
168,Johnson,KS,20091,86,80,6,85.12
169,Pierce,WA,53053,85,75,10,85.21
170,Duval,FL,12031,85,75,10,85.29
171,Fayette,PA,42051,85,84,1,85.37
172,Seminole,FL,12117,84,78,6,85.45
173,Henrico,VA,51087,83,67,16,85.54
174,Albemarle,VA,51003,80,64,16,85.61
175,Clackamas,OR,41005,79,66,13,85.69
176,York,PA,42133,79,77,2,85.77
177,Washoe,NV,32031,78,68,10,85.84
178,Saratoga,NY,36091,76,59,17,85.92
179,Champaign,IL,17019,76,76,0,85.99
180,Southeastern Connecticut,CT,09180,76,49,27,86.06
181,Chesterfield,VA,51041,75,71,4,86.14
182,Forsyth,NC,37067,75,56,19,86.21
183,Kitsap,WA,53035,75,70,5,86.28
184,Beaufort,SC,45013,75,54,21,86.36
185,Orleans,LA,22071,74,59,15,86.43
186,Passaic,NJ,34031,74,64,10,86.5
187,Madison,AL,01089,73,70,3,86.57
188,Guilford,NC,37081,73,66,7,86.64
189,Orange,NY,36071,73,53,20,86.71
190,Rockland,NY,36087,71,65,6,86.78
191,Clark,WA,53011,70,61,9,86.85
192,Warren,OH,39165,70,68,2,86.92
193,Berks,PA,42011,70,68,2,86.99
194,Grafton,NH,33009,69,40,29,87.06
195,Butler,OH,39017,69,69,0,87.12
196,Sussex,DE,10005,69,68,1,87.19
197,Alachua,FL,12001,69,63,6,87.26
198,Ulster,NY,36111,69,54,15,87.32
199,Richmond,NY,36085,66,60,6,87.39
200,Knox,TN,47093,66,61,5,87.45
201,Lawrence,PA,42073,65,65,0,87.52
202,Placer,CA,06061,65,62,3,87.58
203,Mercer,PA,42085,63,63,0,87.64
204,Hampden,MA,25013,63,31,32,87.7
205,Bristol,MA,25005,63,47,16,87.76
206,Indian River,FL,12061,63,33,30,87.83
207,Tippecanoe,IN,18157,63,63,0,87.89
208,Washington,RI,44009,63,33,30,87.95
209,Stark,OH,39151,62,59,3,88.01
210,Harford,MD,24025,61,60,1,88.07
211,Carroll,MD,24013,61,60,1,88.13
212,Ada,ID,16001,61,49,12,88.19
213,Lake,OH,39085,61,57,4,88.25
214,York,ME,23031,61,36,25,88.31
215,Virginia Beach (city),VA,51810,60,58,2,88.36
216,Macomb,MI,26099,59,58,1,88.42
217,Will,IL,17197,57,50,7,88.48
218,Marion,IN,18097,57,48,9,88.53
219,Kane,IL,17089,56,51,5,88.59
220,Monongalia,WV,54061,56,56,0,88.64
221,Martin,FL,12085,56,38,18,88.7
222,Mahoning,OH,39099,55,55,0,88.75
223,Dakota,MN,27037,55,54,1,88.8
224,St. Louis (city),MO,29510,54,52,2,88.86
225,Utah,UT,49049,54,53,1,88.91
226,Lorain,OH,39093,54,54,0,88.96
227,Waukesha,WI,55133,53,51,2,89.01
228,Armstrong,PA,42005,53,53,0,89.06
229,Putnam,NY,36079,53,38,15,89.12
230,Jefferson,AL,01073,52,47,5,89.17
231,Gallatin,MT,30031,52,27,25,89.22
232,New Hanover,NC,37129,52,48,4,89.27
233,Weld,CO,08123,52,49,3,89.32
234,Fayette,KY,21067,52,38,14,89.37
235,Pasco,FL,12101,52,51,1,89.42
236,Indiana,PA,42063,51,51,0,89.47
237,Brunswick,NC,37019,51,45,6,89.52
238,Volusia,FL,12127,50,42,8,89.57
239,Merrimack,NH,33013,50,31,19,89.62
240,Kent,MI,26081,50,45,5,89.67
241,Douglas,NE,31055,49,46,3,89.71
242,Summit,UT,49043,49,28,21,89.76
243,Hanover,VA,51085,49,48,1,89.81
244,Ocean,NJ,34029,49,44,5,89.86
245,York,SC,45091,49,46,3,89.9
246,Polk,FL,12105,49,45,4,89.95
247,Falls Church (city),VA,51610,48,46,2,90.0
248,Medina,OH,39103,48,47,1,90.05
249,Ozaukee,WI,55089,4809,0,0,
250,Washington,WI,55131,3360,0,0,
251,Brown,WI,55009,2784,0,0,
252,Racine,WI,55101,2505,0,0,
253,Outagamie,WI,55087,2419,0,0,
254,McHenry,IL,17111,1979,0,0,
255,Winnebago,WI,55139,1699,0,0,
256,Kenosha,WI,55059,1673,0,0,
257,Sheboygan,WI,55117,1453,0,0,
258,Fond du Lac,WI,55039,863,0,0,
259,Marathon,WI,55073,778,0,0,
260,Manitowoc,WI,55071,775,0,0,
261,Walworth,WI,55127,736,0,0,
262,Rock,WI,55105,731,0,0,
263,Jefferson,WI,55055,609,0,0,
264,La Crosse,WI,55063,584,0,0,
265,Winnebago,IL,17201,541,0,0,
266,Jackson,MO,29095,488,0,0,
267,Dodge,WI,55027,481,0,0,
268,Door,WI,55029,451,0,0,
269,Washington,MN,27163,444,0,0,
270,Nevada,CA,06057,398,0,0,
271,St. Joseph,IN,18141,398,0,0,
272,Eau Claire,WI,55035,385,0,0,
273,Portage,WI,55097,367,0,0,
274,Oneida,WI,55085,340,0,0,
275,Wood,WI,55141,320,0,0,
